<?xml version="1.0"?>
<comments>
  <comment>
    <name email="lupita@amantedeburritos.com"> Lupita </name>
    <text> La mejor calidad! Buenos precios.</text>
  </comment>
  <comment>
    <name email="juanitoperez@milochomil.mx"> Juan Perez </name>
    <text> Les di mi dinero y no hubo falla. </text>
  </comment>
  <comment>
    <name email="brendan57@reddit.us"> Brendan Sullivan </name>
    <text> Cumplieron con la entrega. </text>
  </comment>
  <comment>
    <name email="enrealidadnosoyunnino@email.com"> Juan Escutia </name>
    <text> Me llego bien, sin problemas. </text>
  </comment>
  <comment>
    <name email="adios@500.com"> Frida </name>
    <text> Gracias. </text>
  </comment>
</comments>
